source_a	source_b	a_letter_forms	b_letter_forms	shared_letter_forms	union_letter_forms	jaccard	share_of_a_found_in_b	share_of_b_found_in_a
Mem û Zîn	ANHA	3882	54922	441	58363	0.00755616	0.11360124	0.00802957
Mem û Zîn	Ronahî	3882	62285	488	65679	0.00743008	0.12570840	0.00783495
Mem û Zîn	Rudaw	3882	229474	1032	232324	0.00444207	0.26584235	0.00449724
Mem û Zîn	Pirtûkên Kurmancî Katalog	3882	421	42	4261	0.00985684	0.01081917	0.09976247
Mem û Zîn	Kurmanji Beginners	3882	11364	299	14947	0.02000401	0.07702215	0.02631116
Mem û Zîn	Kovara Kurmancî	3882	77	11	3948	0.00278622	0.00283359	0.14285714
Mem û Zîn	Kovara Hawar	3882	73	12	3943	0.00304337	0.00309119	0.16438356
Mem û Zîn	Rojnama Kurdistan	3882	78	15	3945	0.00380228	0.00386399	0.19230769
Mem û Zîn	Kovara Jîn	3882	73	12	3943	0.00304337	0.00309119	0.16438356
Mem û Zîn	Folklora Kurmanca (1936)	3882	75	8	3949	0.00202583	0.00206079	0.10666667
Mem û Zîn	Kurd Teavun Terakki (1908)	3882	64	13	3933	0.00330536	0.00334879	0.20312500
Mem û Zîn	Rojî Kurd (1913)	3882	65	11	3936	0.00279472	0.00283359	0.16923077
Mem û Zîn	Dîrok û Civaka Kurdan	3882	74	12	3944	0.00304260	0.00309119	0.16216216
ANHA	Ronahî	54922	62285	29029	88178	0.32920910	0.52854958	0.46606727
ANHA	Rudaw	54922	229474	32463	251933	0.12885569	0.59107461	0.14146701
ANHA	Pirtûkên Kurmancî Katalog	54922	421	302	55041	0.00548682	0.00549871	0.71733967
ANHA	Kurmanji Beginners	54922	11364	2911	63375	0.04593294	0.05300244	0.25615980
ANHA	Kovara Kurmancî	54922	77	34	54965	0.00061858	0.00061906	0.44155844
ANHA	Kovara Hawar	54922	73	25	54970	0.00045479	0.00045519	0.34246575
ANHA	Rojnama Kurdistan	54922	78	30	54970	0.00054575	0.00054623	0.38461538
ANHA	Kovara Jîn	54922	73	33	54962	0.00060041	0.00060085	0.45205479
ANHA	Folklora Kurmanca (1936)	54922	75	27	54970	0.00049118	0.00049161	0.36000000
ANHA	Kurd Teavun Terakki (1908)	54922	64	25	54961	0.00045487	0.00045519	0.39062500
ANHA	Rojî Kurd (1913)	54922	65	29	54958	0.00052768	0.00052802	0.44615385
ANHA	Dîrok û Civaka Kurdan	54922	74	24	54972	0.00043659	0.00043698	0.32432432
Ronahî	Rudaw	62285	229474	39448	252311	0.15634673	0.63334671	0.17190619
Ronahî	Pirtûkên Kurmancî Katalog	62285	421	309	62397	0.00495216	0.00496107	0.73396675
Ronahî	Kurmanji Beginners	62285	11364	3251	70398	0.04618029	0.05219555	0.28607885
Ronahî	Kovara Kurmancî	62285	77	33	62329	0.00052945	0.00052982	0.42857143
Ronahî	Kovara Hawar	62285	73	24	62334	0.00038502	0.00038533	0.32876712
Ronahî	Rojnama Kurdistan	62285	78	29	62334	0.00046524	0.00046560	0.37179487
Ronahî	Kovara Jîn	62285	73	31	62327	0.00049738	0.00049771	0.42465753
Ronahî	Folklora Kurmanca (1936)	62285	75	26	62334	0.00041711	0.00041744	0.34666667
Ronahî	Kurd Teavun Terakki (1908)	62285	64	26	62323	0.00041718	0.00041744	0.40625000
Ronahî	Rojî Kurd (1913)	62285	65	28	62322	0.00044928	0.00044955	0.43076923
Ronahî	Dîrok û Civaka Kurdan	62285	74	23	62336	0.00036897	0.00036927	0.31081081
Rudaw	Pirtûkên Kurmancî Katalog	229474	421	362	229533	0.00157712	0.00157752	0.85985748
Rudaw	Kurmanji Beginners	229474	11364	5741	235097	0.02441971	0.02501808	0.50519183
Rudaw	Kovara Kurmancî	229474	77	50	229501	0.00021786	0.00021789	0.64935065
Rudaw	Kovara Hawar	229474	73	46	229501	0.00020043	0.00020046	0.63013699
Rudaw	Rojnama Kurdistan	229474	78	55	229497	0.00023965	0.00023968	0.70512821
Rudaw	Kovara Jîn	229474	73	51	229496	0.00022223	0.00022225	0.69863014
Rudaw	Folklora Kurmanca (1936)	229474	75	44	229505	0.00019172	0.00019174	0.58666667
Rudaw	Kurd Teavun Terakki (1908)	229474	64	41	229497	0.00017865	0.00017867	0.64062500
Rudaw	Rojî Kurd (1913)	229474	65	47	229492	0.00020480	0.00020482	0.72307692
Rudaw	Dîrok û Civaka Kurdan	229474	74	36	229512	0.00015685	0.00015688	0.48648649
Pirtûkên Kurmancî Katalog	Kurmanji Beginners	421	11364	135	11650	0.01158798	0.32066508	0.01187962
Pirtûkên Kurmancî Katalog	Kovara Kurmancî	421	77	14	484	0.02892562	0.03325416	0.18181818
Pirtûkên Kurmancî Katalog	Kovara Hawar	421	73	14	480	0.02916667	0.03325416	0.19178082
Pirtûkên Kurmancî Katalog	Rojnama Kurdistan	421	78	9	490	0.01836735	0.02137767	0.11538462
Pirtûkên Kurmancî Katalog	Kovara Jîn	421	73	10	484	0.02066116	0.02375297	0.13698630
Pirtûkên Kurmancî Katalog	Folklora Kurmanca (1936)	421	75	15	481	0.03118503	0.03562945	0.20000000
Pirtûkên Kurmancî Katalog	Kurd Teavun Terakki (1908)	421	64	8	477	0.01677149	0.01900238	0.12500000
Pirtûkên Kurmancî Katalog	Rojî Kurd (1913)	421	65	9	477	0.01886792	0.02137767	0.13846154
Pirtûkên Kurmancî Katalog	Dîrok û Civaka Kurdan	421	74	8	487	0.01642710	0.01900238	0.10810811
Kurmanji Beginners	Kovara Kurmancî	11364	77	38	11403	0.00333246	0.00334389	0.49350649
Kurmanji Beginners	Kovara Hawar	11364	73	40	11397	0.00350970	0.00351989	0.54794521
Kurmanji Beginners	Rojnama Kurdistan	11364	78	39	11403	0.00342015	0.00343189	0.50000000
Kurmanji Beginners	Kovara Jîn	11364	73	36	11401	0.00315762	0.00316790	0.49315068
Kurmanji Beginners	Folklora Kurmanca (1936)	11364	75	27	11412	0.00236593	0.00237592	0.36000000
Kurmanji Beginners	Kurd Teavun Terakki (1908)	11364	64	28	11400	0.00245614	0.00246392	0.43750000
Kurmanji Beginners	Rojî Kurd (1913)	11364	65	30	11399	0.00263181	0.00263992	0.46153846
Kurmanji Beginners	Dîrok û Civaka Kurdan	11364	74	33	11405	0.00289347	0.00290391	0.44594595
Kovara Kurmancî	Kovara Hawar	77	73	25	125	0.20000000	0.32467532	0.34246575
Kovara Kurmancî	Rojnama Kurdistan	77	78	24	131	0.18320611	0.31168831	0.30769231
Kovara Kurmancî	Kovara Jîn	77	73	22	128	0.17187500	0.28571429	0.30136986
Kovara Kurmancî	Folklora Kurmanca (1936)	77	75	22	130	0.16923077	0.28571429	0.29333333
Kovara Kurmancî	Kurd Teavun Terakki (1908)	77	64	20	121	0.16528926	0.25974026	0.31250000
Kovara Kurmancî	Rojî Kurd (1913)	77	65	24	118	0.20338983	0.31168831	0.36923077
Kovara Kurmancî	Dîrok û Civaka Kurdan	77	74	18	133	0.13533835	0.23376623	0.24324324
Kovara Hawar	Rojnama Kurdistan	73	78	27	124	0.21774194	0.36986301	0.34615385
Kovara Hawar	Kovara Jîn	73	73	23	123	0.18699187	0.31506849	0.31506849
Kovara Hawar	Folklora Kurmanca (1936)	73	75	23	125	0.18400000	0.31506849	0.30666667
Kovara Hawar	Kurd Teavun Terakki (1908)	73	64	20	117	0.17094017	0.27397260	0.31250000
Kovara Hawar	Rojî Kurd (1913)	73	65	21	117	0.17948718	0.28767123	0.32307692
Kovara Hawar	Dîrok û Civaka Kurdan	73	74	17	130	0.13076923	0.23287671	0.22972973
Rojnama Kurdistan	Kovara Jîn	78	73	28	123	0.22764228	0.35897436	0.38356164
Rojnama Kurdistan	Folklora Kurmanca (1936)	78	75	21	132	0.15909091	0.26923077	0.28000000
Rojnama Kurdistan	Kurd Teavun Terakki (1908)	78	64	23	119	0.19327731	0.29487179	0.35937500
Rojnama Kurdistan	Rojî Kurd (1913)	78	65	23	120	0.19166667	0.29487179	0.35384615
Rojnama Kurdistan	Dîrok û Civaka Kurdan	78	74	28	124	0.22580645	0.35897436	0.37837838
Kovara Jîn	Folklora Kurmanca (1936)	73	75	19	129	0.14728682	0.26027397	0.25333333
Kovara Jîn	Kurd Teavun Terakki (1908)	73	64	31	106	0.29245283	0.42465753	0.48437500
Kovara Jîn	Rojî Kurd (1913)	73	65	32	106	0.30188679	0.43835616	0.49230769
Kovara Jîn	Dîrok û Civaka Kurdan	73	74	21	126	0.16666667	0.28767123	0.28378378
Folklora Kurmanca (1936)	Kurd Teavun Terakki (1908)	75	64	16	123	0.13008130	0.21333333	0.25000000
Folklora Kurmanca (1936)	Rojî Kurd (1913)	75	65	18	122	0.14754098	0.24000000	0.27692308
Folklora Kurmanca (1936)	Dîrok û Civaka Kurdan	75	74	18	131	0.13740458	0.24000000	0.24324324
Kurd Teavun Terakki (1908)	Rojî Kurd (1913)	64	65	28	101	0.27722772	0.43750000	0.43076923
Kurd Teavun Terakki (1908)	Dîrok û Civaka Kurdan	64	74	20	118	0.16949153	0.31250000	0.27027027
Rojî Kurd (1913)	Dîrok û Civaka Kurdan	65	74	20	119	0.16806723	0.30769231	0.27027027
